data/hora;idade;genero;situacao_conjugal;situacao_empregaticia;estado_reside;ies;nome_curso;nivel_ensino;data_inicio_ curso;tipo_ies;local_estudante;migrou_virtual;ies_fechou_dorm;situação_durante_pandemia;data_fechamento;residencia_atual;moradia_atual_permanente;morando_com; convive_risco_relevante;quarentena_imposta;vivenciou;acesso_servicos_saude;acesso_internet;capacidade_prosseguir_estudos;capacidade_socializacao ;bem_estar_psicologico;qualidade_de_vida;aulas_durante_pandemia;acesso_professores;acesso_infra_ies;espaco_físico;disposicao_atividades;desempenho_escolar;ies_reinicio;data_reinico;vacinado;dificuldades_academicas;despesas;renda_financeira;ajuda_financeira;nivel_endividamento;despesas_cresceram;dificuldades_financeiras; decisao_fechar;ies_positivo;ies_melhorar;ies_ajudar;nivel_ansiedade;ansiedade_planejamento;ansiedade_longo_prazo;detalhes_finais;;
22/04/2021;21;Feminino;Solteiro(a);Empregado(a);;UNESP Bauru;Bacharelado em Sistemas de Informação ;Graduação;;Pública;Outra cidade;Sim;Não sei;;13/03/2020;Fora do campus, mas na mesma cidade da instituição de ensino;Sim;Família;Sim;Não;Dificuldades para viajar/se deslocar;O mesmo de antes;O mesmo que antes;Pior do que antes;Pior do que antes;Pior do que antes;;Pioraram;Melhorou;N/A ou Não sabe;Piorou;Ficou mais ou menos a mesma;Aumentou;N/A ou Não sabe;;;;Foram mais ou menos os mesmos;Diminuiu;Não;Estão mais ou menos as mesmas;Relacionadas com saúde;;De forma oportuna e prudente;Reconheço que minha instituição foi muito receptiva a dificuldade e dúvidas que os alunos tiveram ao longo do processo.;Gostaria que a instituição tivesse feito mais reuniões de apoio se necessário, para repassar a situação da universidade em relação aos prazos, retorno às aulas e etc.;Além do que foi feito, ajudaria muito se a instituição tornasse obrigatório a gravação das aulas, visto que alguns professores são contra a gravação, e acabam dificultando a aprendizagem caso tenhamos alguma dúvida, com o vídeo o processo de estudo se facilita.;Muito pior do que antes;Muito pior do que antes;Muito pior do que antes;;;
22/04/2021;25;Masculino;Solteiro(a);Empregado(a);;Fundação Getúlio Vargas;Pós-Graduação em Administração de Empresas;Mestrado;;Privada;Outra cidade;Sim;Não sei;;15/03/2020;Fora do campus, mas na mesma cidade da instituição de ensino;Sim;Colega de quarto/República;Não;Não;Dificuldades para viajar/se deslocar;O mesmo de antes;Melhor do que antes;Muito melhor do que antes;Pior do que antes;Pior do que antes;;Pioraram;Foi mais ou menos o mesmo;N/A ou Não sabe;Melhorou;Aumentou;Foi mais ou menos o mesmo;N/A ou Não sabe;;;Não presenciei a alteração de dinâmica durante o curso (ingressei em 2021 na instituição), porém acredito que a produtividade aumentou. Atualmente tenho mais tempo focado na realização das tarefas que anteriormente.;Diminuiram;Aumentou;Não;Diminuiram;Relacionadas com saúde, Aluguel, Internet, Alimentação;Ao passo que os gastos de entretenimento caíram drasticamente, os produtos de bens de consumo aumentaram significantemente.;De forma oportuna e prudente;Acredito que a instituição está sabendo lidar bem com a nova dinâmica das aulas e, além disso, está respondendo bem em facilitar acesso a livros e materiais do curso. ;Gostaria que minha instituição utilizasse mais de espaços virtuais para troca de experiência  entre pessoas de diferentes cursos.;Ajudaria se a instituição disponibilizasse o retorno híbrido após melhora da pandemia.;O mesmo de antes;Pior do que antes;O mesmo de antes;Reconhecendo o privilégio de poder trabalhar e estudar da minha casa, acredito que a pandemia impactou pouco meu cotidiano em questões econômicas ou de saúde. Uma observação possível é que a utilização do tempo melhorou. Mais atividades podem ser realizadas ao mesmo momento. Por outro lado, aspectos como distanciamento social e  incertezas sobre os meses futuros impactaram diretamente o psicológico.;;
26/04/2021;40;Feminino;Casado(a);Empregado(a);;UNESP Bauru;Pós-Graduação em Mídia e Tecnologia;Doutorado;01/03/2020;Pública;Local;Sim;Não sei;;20/03/2020;Fora do campus, mas na mesma cidade da instituição de ensino;Sim;Família;Sim;Não;Dificuldades para viajar/se deslocar;O mesmo de antes;Melhor do que antes;O mesmo de antes;Pior do que antes;Pior do que antes;;Foram mais ou menos o mesmo;Melhorou;N/A ou Não sabe;Melhorou;Ficou mais ou menos a mesma;Foi mais ou menos o mesmo;N/A ou Não sabe;;;;Aumentaram;Diminuiu;Não;Estão mais ou menos as mesmas;Alimentação, Outras (por favor, complemente):;Equipamentos como computador, web cam, microfone;De forma oportuna e prudente;migração para o ambiente virtual de forma responsável e coerente com o momento. Criou possibilidades de conexão com os professores de forma rápida e prática.;uma reunião remota com os alunos por curso, com orientações.;trabalhasse com prazos mais flexíveis de entregas e conclusões.;Pior do que antes;Pior do que antes;Pior do que antes;;;
21/05/2021;40;Masculino;Casado(a);Empregado(a);;UNESP Bauru;Pós-Graduação em Mídia e Tecnologia;Doutorado;17/04/2017;Pública;Outra cidade;Sim;Não sei;;20/03/2020;Fora do campus, mas na mesma cidade da instituição de ensino;Sim;Família;Não;Não;Dificuldades para viajar/se deslocar;Pior do que antes;O mesmo que antes;Pior do que antes;Muito pior do que antes;Muito pior do que antes;;Foram mais ou menos o mesmo;Melhorou;N/A ou Não sabe;Era mais ou menos o mesmo;Diminuiu;Foi mais ou menos o mesmo;N/A ou Não sabe;;;;Diminuiram;Está mais ou menos a mesma;Não;Estão mais ou menos as mesmas;Alimentação;;De forma oportuna e prudente;Disposição dos professores on-line;Nada a declarar;Sem sugestão;Muito pior do que antes;Pior do que antes;O mesmo de antes;;;
21/10/2021;20;Masculino;Solteiro(a);Dependente (dos pais, etc.);SP;UNESP Bauru;Bacharelado em Ciências da Computação;Graduação;;Pública;Local;Sim;Sim;;;Fora do campus, mas na mesma cidade da instituição de ensino;Sim;Família;Sim;Não;Dificuldades para viajar/se deslocar;Muito pior do que antes;O mesmo que antes;O mesmo de antes;Pior do que antes;Muito pior do que antes;;Foram mais ou menos o mesmo;Piorou;Pioraram;Era mais ou menos o mesmo;Ficou mais ou menos a mesma;Foi mais ou menos o mesmo;Não, ainda não retornou nenhuma atividade presencial;;Sim vacinado com duas doses ou com vacina de dose única;Alguns professores, que prefiro não mencionar, não se encontram disponíveis para consulta. Isto é, não permitiram/permitem perguntas durante suas aulas síncronas e não estão disponíveis para consulta fora delas. Ou seja, não é possível sanar dúvidas de suas matérias diretamente sendo necessário buscar respostas independentemente. Entendo que a capacidade de estudar independentemente seja importante mas isso não significa que os professores possam simplesmente ignorar as dúvidas dos alunos sobre as matérias que lecionam. Fora isso, alguns colegas possuem dificuldades decorrentes de má disponibilidade de internet. Sendo incapazes, por exemplo, de manterem-se conectados por 4 horas consecutivas às aulas síncronas.;Foram mais ou menos os mesmos;Está mais ou menos a mesma;Não;Estão mais ou menos as mesmas;Aluguel, Internet, Alimentação, Outras (não relacionadas);;De forma oportuna e prudente;;"Sinto falta de um sistema para avaliar professores. Não apenas por causa das aulas remotas causadas pela pandemia mas também para uso durante aulas presenciais. Como disse previamente, alguns professores simplesmente ignoram dúvidas dos alunos e isso somado à aulas ruins gera um maus aprendizado e relação entre professor e alunos. Com sistema de avaliação, digo algum método de nós, alunos, apontarmos falhas dos professores como indisponibilidade injustificada, má didática e problemas com seu comportamento, poderíamos expressar isso à instituição. Por exemplo, no semestre passado um professor tinha a mania de apelidar os alunos e se referir a eles assim pelo semestre apesar de nossas reclamações. Eu era o ""testudo"" e um colega meu era o ""narigudo"", por exemplo. Eu não acho aceitável que um professor dê apelide alunos sem o consentimento dos próprios alunos.";;O mesmo de antes;O mesmo de antes;Pior do que antes;;;
25/03/2022;26;Masculino;União Estável/Vivendo junto;Bolsista;SP;UNESP Bauru;Pós-Graduação em Ciência de Materiais;Doutorado;10/03/2018;Pública;Outra cidade;Sim;Não sei;;;Fora do campus, mas na mesma cidade da instituição de ensino;Sim;Família;Não;Não;Dificuldades para viajar/se deslocar;O mesmo de antes;O mesmo que antes;O mesmo de antes;O mesmo de antes;Pior do que antes;;Pioraram;Piorou;Pioraram;Piorou;Diminuiu;Foi mais ou menos o mesmo;Sim (retornou todas as atividades presenciais);;Sim vacinado com duas doses, com vacina de dose única e dose de reforço;;Aumentaram;Está mais ou menos a mesma;Não;Diminuiram;Transporte urbano, Alimentação;;De forma oportuna e prudente;;;;Pior do que antes;Pior do que antes;O mesmo de antes;;;
25/03/2022;22;Feminino;Solteiro(a);Desempregado(a);SP;UNESP Bauru;Licenciatura em matemática;Graduação;25/04/2022;Pública;Outra cidade;Sim;Não sei;;;Em outra cidade da instituição de ensino mas dentro do mesmo estado;Sim;Família;Não;Sim;Dificuldades devido a alterações em suas condições de vida, incluindo o fechamento de alojamentos, perda de emprego, etc.;O mesmo de antes;O mesmo que antes;O mesmo de antes;Pior do que antes;Pior do que antes;;Foram mais ou menos o mesmo;Piorou;Ficou mais ou menos o mesmo;Melhorou;Ficou mais ou menos a mesma;Foi mais ou menos o mesmo;Sim (retornou todas as atividades presenciais);25/04/2022;Sim vacinado com duas doses ou com vacina de dose única;;Aumentaram;Diminuiu;Não;Estão mais ou menos as mesmas;Relacionadas com saúde, Viagens/deslocamentos, Transporte urbano, Alimentação;;De forma oportuna e prudente;Uso de máscara e álcool em gel ;;;Muito pior do que antes;Muito pior do que antes;Muito pior do que antes;;;
25/03/2022;37;Masculino;Casado(a);Empregado(a);SP;UNESP Bauru;Ciência da Computação;Mestrado;09/03/2020;Pública;Local;Sim;Não sei;O fechamento da creche (CCI) da Unesp atrapalhou o andamento dos estudos em casa, pois uma criança de 3 anos requer muita a atenção dos pais. A criança não entende que os pais não podem brincar com ela naquele momento porque estão estudando ou trabalhando em home office.;24/03/2020;Fora do campus, mas na mesma cidade da instituição de ensino;Sim;Família;Não;Sim;Dificuldades para viajar/se deslocar;O mesmo de antes;O mesmo que antes;Muito pior do que antes;O mesmo de antes;Pior do que antes;;Pioraram;Piorou;Pioraram;Piorou;Diminuiu;Diminuiu;Em parte (apenas algumas atividades  presenciais retornaram);06/03/2020;Sim vacinado com duas doses, com vacina de dose única e dose de reforço;;Aumentaram;Está mais ou menos a mesma;Não;Aumentaram;Viagens/deslocamentos, Transporte urbano, Aluguel, Alimentação;;De forma oportuna e prudente;Seguiu as orientações sanitárias estabelecidas pelo comitê de saúde responsável.;;;Muito melhor do que antes;Melhor do que antes;O mesmo de antes;"Moro com minha família em um apartamento com cerca de 40 m2 de área útil. Somos um casal de adultos mais uma criança que começou a pandemia 2 anos, fez seu aniversário de 3 e logo completará 4. Todos em casa tivemos COVID-19, foi antes de surgirem as vacinas, felizmente ficamos todos bem. 

O mais difícil da pandemia foi conciliar a vida profissional, vida acadêmica e vida de pais, pois crianças nesta idade não tem maturidade para entender a situação em que nos encontramos, nem os sacrifícios que precisamos fazer. ";;
25/03/2022;48;Masculino;Casado(a);Empregado(a);SP;UNESP Bauru;Pós-Graduação em Educação para a Ciência;Mestrado;01/03/2019;Pública;Outra cidade;Sim;Não sei;todo atendimento e aulas se tornaram virtuais;01/05/2020;Em outra cidade da instituição de ensino mas dentro do mesmo estado;Sim;Família;Não;Não;Dificuldades para viajar/se deslocar;Melhor do que antes;Muito melhor do que antes;Pior do que antes;O mesmo de antes;O mesmo de antes;Toda minha familia pegou a covid. O fechamento da sociedade prejudicou a saúde mental e a mobilidade e acesso aos ambientes culturais e atividade física, isso prejudicou muito o bem-estar e saúde, tanto física quanto mental.;Pioraram;Piorou;Pioraram;Piorou;Diminuiu;Diminuiu;Sim (retornou todas as atividades presenciais);15/02/2022;Sim vacinado com duas doses ou com vacina de dose única;x;Diminuiram;Diminuiu;Não;Estão mais ou menos as mesmas;Viagens/deslocamentos, Transporte urbano, Alimentação;durante a pandemia eu perdi trabalhos, em razão do fechamento comercial e financeiro pelo Estado, que consequentemente reduziu a renda mensal e como alternativa desta redução, também reduzi as despesas e usei parte da reserva financeira.;De forma oportuna e prudente;não tem a opção ideal para mim, mas seria que não deveria fechar, por um tempo tão longo (quase 2 anos).;ter aberto as aulas presenciais bem antes.;x;O mesmo de antes;Pior do que antes;Muito pior do que antes;;;
25/03/2022;55;Feminino;Viúvo(a);Aposentada;SP;UNESP Bauru;Pós-Graduação em Educação para a Ciência;Pós-doutorado;07/03/2022;Pública;Local;Sim;Não se aplica;Meu ingresso foi em 2022, portanto não tenho vivência academia durante a pandemia.;17/03/2020;Fora do campus, mas na mesma cidade da instituição de ensino;Sim;Sozinho(a);Não;Não;Não se aplica / Não sabe / Não se lembra;Muito pior do que antes;O mesmo que antes;O mesmo de antes;Pior do que antes;Pior do que antes;"Aposentei-me em 01.02.2020, passei pelo confinamento junto com meu marido. Foram dias difíceis, de pouca ou quase nenhuma convivência social. Mesmo com a 3a. dose da vacina, ainda tenho insegurança sem as máscaras e a volta ao ""normal"". Infelizmente, em 19.11.2021, meu esposo foi vítima de um atropelador irresponsável e veio a falecer. Desde então conto com acompanhamento psicológico profissional. Em 2022 ingressei como mestranda no Curso de Pós-Graduação. Sinto falta da convivência acadêmica, mas tenho preocupação em me expor ao vírus e as consequências da doença.";Melhoraram;Melhorou;Melhorou;Melhorou;Aumentou;Aumentou;Em parte (apenas algumas atividades  presenciais retornaram);;Sim vacinado com duas doses, com vacina de dose única e dose de reforço;Não tenho a contribuir.;Aumentaram;Diminuiu;Não;Aumentaram;Relacionadas com saúde, Internet, Alimentação, Outras (não relacionadas);As contas fixas, como água, luz, internet, telefone, plano de saúde, despesas de mercado, impostos (IPCA e IPTU), combustível e o gás de cozinha tiveram aumento substancial, enquanto que o salário recebeu apenas aumento do desconto previdenciário (SPPREV). O valor da pensão sofreu redução de 70%.;De forma oportuna e prudente;Fortaleceu a comunicação com os estudantes, através de email e outras redes sociais.;Meu ingresso foi em 2022, portanto não tenho vivência academia durante a pandemia.;Não tenho nenhuma sugestão.;Muito pior do que antes;Muito pior do que antes;Muito pior do que antes;Penso que ainda não vivemos um momento de vida tranquilidade em relação a COVID19. Os últimos 2 anos foram difíceis, tenho preocupação que os obscurantista anti-vacinas coloquem tudo a perder. ;;
26/03/2022;43;Masculino;Casado(a);Empregado(a);SP;UNESP Bauru;Psicologia ;Doutorado;01/04/2021;Pública;Outra cidade;Sim;Não sei;Aulas online ;17/03/2020;Fora do campus, mas na mesma cidade da instituição de ensino;Sim;Família;Sim;Sim;Dificuldades para viajar/se deslocar;Pior do que antes;O mesmo que antes;O mesmo de antes;O mesmo de antes;Pior do que antes;Crises de ansiedade ;Foram mais ou menos o mesmo;Piorou;Pioraram;Piorou;Ficou mais ou menos a mesma;Diminuiu;Em parte (apenas algumas atividades  presenciais retornaram);01/03/2022;Sim vacinado com duas doses, com vacina de dose única e dose de reforço;Troca de conhecimento com os colegas ;Aumentaram;Diminuiu;Não;Estão mais ou menos as mesmas;Relacionadas com saúde, Transporte urbano, Alimentação;Inflação ;De forma oportuna e prudente;Aulas online ;Não sei ;Não sei ;Pior do que antes;Pior do que antes;Pior do que antes;;;
26/03/2022;35;Feminino;União Estável/Vivendo junto;Empregado(a);SP;UNESP Bauru;Pós-Graduação em Docência Para a Educação Básica;Mestrado;07/03/2022;Pública;Outra cidade;Sim;Não sei;;;Em outra cidade da instituição de ensino mas dentro do mesmo estado;Sim;Família;Não;Sim;Ajuda ou assistência de pessoas desconhecidas;Muito pior do que antes;Melhor do que antes;Melhor do que antes;O mesmo de antes;O mesmo de antes;;Pioraram;Piorou;Pioraram;Melhorou;Aumentou;Aumentou;Em parte (apenas algumas atividades  presenciais retornaram);07/03/2022;Sim vacinado com duas doses, com vacina de dose única e dose de reforço;;Foram mais ou menos os mesmos;Está mais ou menos a mesma;Não;Estão mais ou menos as mesmas;Viagens/deslocamentos, Alimentação, Outras (não relacionadas);;De forma oportuna e prudente;O que tinha de conhecimento no momento.;Tudo que foi disponibilizado foi de grande auxilio.;Tudo foi bem planejado e executado.;O mesmo de antes;Melhor do que antes;Pior do que antes;;;
26/03/2022;26;Masculino;Solteiro(a);Dependente (dos pais) com vínculo empregatício;SP;UNESP Bauru;Licenciatura em Física;Graduação;01/03/2016;Pública;Local;Sim;Sim;Sou da cidade de minha instituição, mas me mudei para outra cidade durante a pandemia.;1/1/0001;Em outra cidade da instituição de ensino mas dentro do mesmo estado;Sim;Família;Não;Não;Dificuldades devido a alterações em suas condições de vida, incluindo o fechamento de alojamentos, perda de emprego, etc.;O mesmo de antes;O mesmo que antes;Pior do que antes;Pior do que antes;Pior do que antes;O acesso a saúde e a internet em meu caso sempre foi satisfatório. Minha situação emocional, contudo, foi sensivelmente afetada neste momento.;Foram mais ou menos o mesmo;Melhorou;Ficou mais ou menos o mesmo;Melhorou;Diminuiu;Diminuiu;Em parte (apenas algumas atividades  presenciais retornaram);;Sim vacinado com duas doses, com vacina de dose única e dose de reforço;Minhas dificuldades acadêmicas teriam ocorrido independentemente da pandemia, porém, elas foram potencializadas devido ao ensino remoto e poderiam ter sido diagnosticadas com maior agilidade no ensino presencial. ;Diminuiram;Diminuiu;Não;Estão mais ou menos as mesmas;Viagens/deslocamentos, Transporte urbano;Apesar de não possuir uma grande renda própria, minha família possui uma boa estabilidade financeira, por isso não tenho problemas de natureza financeira.;De forma oportuna e prudente;Forneceu equipamentos aos alunos que não tinham acesso, permitiu uma maior flexibilização no trancamento e suspensão de matrículas, permitiu o acesso a acervos virtuais, estendeu prazos de empréstimo de livros da biblioteca, forneceu diretrizes para os professores sobre o modo como proceder e manteve canais de comunicação e divulgação sobre a situação no campus.;"Acredito que a instituição tomou boas ações; provavelmente, o meu curso em específico poderia ter sido um pouco mais ágil no começo da pandemia (ainda que a continuidade das atividades no ensino remoto tenha ocorrido rapidamente já que em menos de um mês já havia professores dando continuidade aos seus conteúdos). Alguns professores demoraram muito mais para conseguir retomar as aulas, o que culminou em um calendário de disciplinas caótico.";Não, sinto que a instituição tomou boas ações.;Muito pior do que antes;Pior do que antes;Melhor do que antes;Não tenho nada mais a declarar. Uma de minhas dificuldades foi em relação ao meu trabalho de conclusão de curso, no qual eu também fiz uso de um formulário. O agravamento de minha saúde emocional se deve também em parte ao TCC, não somente pelo que o TCC representa, mas pela dificuldade que foi de conseguir coletar respostas. Espero que este formulário seja bem sucedido. Boa sorte.;;
27/03/2022;23;Feminino;Solteiro(a);Empregado(a);SP;Faculdades Integradas de Jahu;Psicologia;Graduação;02/02/2018;Privada;Local;Sim;Não se aplica;No início da pandemia as aulas eram por meio de materiais postados e realização de trabalhos, após isso migrou para as aulas síncronas, depois hibridas, até voltar presencialmente. Os estágios obrigatórios da grade, puderam ser feitos online com a autorização do Conselho Federal de Psicologia, mas iniciaram atrasados até esperar essa autorização.;;Fora do campus, mas na mesma cidade da instituição de ensino;Sim;Família;Não;Sim;Não se aplica / Não sabe / Não se lembra;O mesmo de antes;O mesmo que antes;Pior do que antes;O mesmo de antes;Pior do que antes;;Pioraram;Foi mais ou menos o mesmo;Ficou mais ou menos o mesmo;Era mais ou menos o mesmo;Diminuiu;Foi mais ou menos o mesmo;Sim (retornou todas as atividades presenciais);07/02/2022;Sim vacinado com duas doses, com vacina de dose única e dose de reforço;;Foram mais ou menos os mesmos;Está mais ou menos a mesma;Não;Estão mais ou menos as mesmas;Relacionadas com saúde;;De forma oportuna e prudente;;;;Pior do que antes;O mesmo de antes;Pior do que antes;;;
27/03/2022;40;Feminino;Casado(a);Empregado(a);SP;UNESP Bauru;Psicologia;Doutorado;01/02/2022;Pública;Outra cidade;Sim;Não se aplica;As aulas passaram a ser on line;;Em outra cidade da instituição de ensino mas dentro do mesmo estado;Sim;Família;Não;Não;Dificuldades para viajar/se deslocar;O mesmo de antes;O mesmo que antes;Melhor do que antes;O mesmo de antes;Pior do que antes;;Foram mais ou menos o mesmo;Foi mais ou menos o mesmo;Pioraram;Melhorou;Ficou mais ou menos a mesma;Aumentou;Em parte (apenas algumas atividades  presenciais retornaram);;Sim vacinado com duas doses, com vacina de dose única e dose de reforço;Falta de convívio pessoal e aprofundado com alunos e professores. Falta de cumplicidade, proximidade física e construção de vínculos de amizade.;Aumentaram;Diminuiu;Não;Aumentaram;Relacionadas com saúde, Aluguel, Internet, Alimentação;;De forma oportuna e prudente;aulas on line disponibilizando textos e orientações diversas na plataforma do classroom;;;Muito pior do que antes;Pior do que antes;Pior do que antes;;;
27/03/2022;43;Masculino;Casado(a);Empregado(a);SP;UNESP Bauru;Pós-Graduação em Educação para a Ciência;Doutorado;19/01/2022;Pública;Outra cidade;Sim;Não sei;;;Em outra cidade da instituição de ensino mas dentro do mesmo estado;Sim;Família;Não;Sim;Não se aplica / Não sabe / Não se lembra;O mesmo de antes;O mesmo que antes;Pior do que antes;Muito pior do que antes;Pior do que antes;;Foram mais ou menos o mesmo;Foi mais ou menos o mesmo;Pioraram;Era mais ou menos o mesmo;Diminuiu;Diminuiu;Em parte (apenas algumas atividades  presenciais retornaram);;Sim vacinado com duas doses, com vacina de dose única e dose de reforço;;Foram mais ou menos os mesmos;Está mais ou menos a mesma;Não;Estão mais ou menos as mesmas;Relacionadas com saúde, Viagens/deslocamentos, Transporte urbano, Aluguel, Alimentação;;De forma oportuna e prudente;Ajustes necessários à manutenção dos serviços, sem que houvesse riscos desnecessários à saúde de todos.;;;O mesmo de antes;O mesmo de antes;Pior do que antes;;;
27/03/2022;19;Transgênero/Transexual;Solteiro(a);tatuador autônomo, mas conto com ajuda dos pais;SP;UNESP Bauru;Psicologia;Graduação;14/06/2021;Pública;Outra cidade;Sim;Não sei;;;Em outra cidade da instituição de ensino mas dentro do mesmo estado;Sim;Família;Não;Sim;Dificuldades devido a alterações em suas condições de vida, incluindo o fechamento de alojamentos, perda de emprego, etc.;Pior do que antes;O mesmo que antes;Pior do que antes;Melhor do que antes;Pior do que antes;;Pioraram;Piorou;Ficou mais ou menos o mesmo;Piorou;Diminuiu;Diminuiu;Em parte (apenas algumas atividades  presenciais retornaram);;Sim vacinado com duas doses, com vacina de dose única e dose de reforço;;Aumentaram;Está mais ou menos a mesma;Não;Estão mais ou menos as mesmas;Viagens/deslocamentos, Transporte urbano, Aluguel, Internet, Alimentação;;De forma oportuna e prudente;;;;Pior do que antes;Melhor do que antes;Muito pior do que antes;;;
28/03/2022;41;Feminino;Casado(a);Empregado(a);SP;UNESP Bauru;Pós-Graduação em Docência Para a Educação Básica;Mestrado;08/03/2022;Pública;Outra cidade;Sim;Não sei;;;Em outra cidade da instituição de ensino mas dentro do mesmo estado;Sim;Família;Não;Sim;Ajuda ou assistência de pessoas desconhecidas;O mesmo de antes;Melhor do que antes;O mesmo de antes;O mesmo de antes;Pior do que antes;Muitas pessoas se sentiram isoladas e deprimidas durante a pandemia, principalmente no período de isolamento.;Foram mais ou menos o mesmo;Foi mais ou menos o mesmo;Ficou mais ou menos o mesmo;Era mais ou menos o mesmo;Aumentou;Aumentou;Em parte (apenas algumas atividades  presenciais retornaram);;Sim vacinado com duas doses, com vacina de dose única e dose de reforço;;Diminuiram;Diminuiu;Não;Diminuiram;Alimentação;Muitas empresas fecharam as portas e alguns cursos que seriam lançados foram cancelados, com isso a renda ficou bem menor.;De forma oportuna e prudente;Positivo, pois fechou no momento do auge da contaminação evitando assim a proliferação pandêmica.;Nada, pois todas providencias foram tomadas de acordo com o que poderiam ter feito de melhor e fizeram de fato.;Plantão de dúvidas a alunos em isolamento;Pior do que antes;Pior do que antes;Pior do que antes;Berenice Simões;;
29/03/2022;25;Transgênero/Transexual;Solteiro(a);Bolsista;SP;UNESP Bauru;Pós-Graduação em Educação para a Ciência;Mestrado;20/03/2021;Pública;Outra cidade;Sim;Não;;22/03/2020;;Sim;Família;Sim;Sim;Não se aplica / Não sabe / Não se lembra;Pior do que antes;O mesmo que antes;Muito pior do que antes;Muito pior do que antes;Muito pior do que antes;Tenho tido muita dificuldade em retomar a socialização, ainda que eu me esforce muito, parece uma tarefa muito difícil, pois sempre fico muito ansiosa com interações sociais e tenho vivido momentos bem depressivos por me sentir incapaz e com baixo desempenho.;Pioraram;Piorou;Pioraram;Era mais ou menos o mesmo;Diminuiu;Diminuiu;Não, ainda não retornou nenhuma atividade presencial;;Sim vacinado com duas doses, com vacina de dose única e dose de reforço;Com as aulas online, não me sentia totalmente presente na aula. Parecia que sempre tava dispersa, porque te m ocachorro, a familia, a comida, as noticias de familiares doentes, e muitas coisas que acabam por se sobrepor aos momentos da aula. Além de serem aulas extremamente cansativas, que mais pareciam monólogos, impossível não dar alguns cochilos na frente do notebook. Também não conseguia participar bem das aulas, pois me sinto muito exposta ao falar no mic e camera no Meet. É algo que acabou me retraindo um pouco e tenho sentido muita dificuldade de participar e socializar. Isso tudo tem feito com que eu não me sinta capaz e me desmotive bastante para continuar na pesquisa. ;Aumentaram;Diminuiu;Sim;Estão mais ou menos as mesmas;Relacionadas com saúde, Internet, Alimentação, Outras (não relacionadas);;Muito rapidamente;O mínimo que foi ter suspendido as aulas por 30 dias até que se resolvesse como seria, porém pouco foi discutido sobre as especificidades de algumas disciplinas, de práticas e de estágios a desejar. Colocou-se tudo no online com o objetivo de não atrasar os cursos. Isso logicamente tem um preço de formação precária a ser pago.;Planejando melhor como funcionaria cada disciplina no ensino online, de acordo com a especificidade de cada uma, e não ter feito todas da mesma forma como se tivesse transferindo a sala de aula para o computador. A Ufscar, por exemplo, fez um esquema desse que acabou atendendo as especificidades de cada disciplina e de cada curso. ;Ampliasse prazos de entregas de trabalhos, dissertações, teses. Fornecesse serviço de atendimento psicológico e auxílio aos estudantes de baixa renda que estão desempregados ou desamparados. Além disso, seria ótimo se a Unesp tomasse essa experiência de ensino online durante a pandemia para nunca mais cogitar a conversão da modalidade presencial para a online de alguns cursos. ;Muito pior do que antes;Muito pior do que antes;Muito pior do que antes;Não tive covid-19, moro com meus pais que já tem +50 anos. Minha mãe é diabética e hipertensa, meu pai é alcóolatra. Por minha mãe ser grupo de risco, nos trancamos em casa, somente ia eu e meu pai ao mercado a cada 2 semanas. Meu pai se contaminou, porém foi assintomático, descoberto por uma testagem em massa que estava sendo feita em algumas regiões da cidade. Passamos mais de 1 ano totalmente confinados. Isso me trouxe um receio de voltar a sair, tanto pelo medo das variantes do vírus, quanto por não saber mais socializar. Eu sou uma pessoa que desde cedo tenho muitos problemas com comunicação e passei a vida toda superando isso, mas sinto que com a pandemia regredi na socialização. Fico muito ansiosa para ter interações sociais, principalmente, em grupos de estudos, pior ainda no online. ;;
31/03/2022;25;Feminino;Solteiro(a);Bolsista;SP;UNESP Bauru;Educação Física ;Graduação;01/03/2017;Pública;Outra cidade;Sim;Sim;A faculdade decidiu transformar em aulas online, porém como temos três faculdades na universidade, cada uma começou as aulas em um momento diferente.;15/03/2020;Em outra cidade da instituição de ensino mas dentro do mesmo estado;Sim;Família;Não;Não;Dificuldades devido a alterações em suas condições de vida, incluindo o fechamento de alojamentos, perda de emprego, etc.;Muito pior do que antes;Pior que antes;Muito pior do que antes;Muito pior do que antes;Muito pior do que antes;Precisei voltar a fazer terapia e tenho muito mais crises de ansiedade do que antes da pandemia.;Pioraram;Piorou;Pioraram;Piorou;Diminuiu;Foi mais ou menos o mesmo;Em parte (apenas algumas atividades  presenciais retornaram);07/03/2022;Sim vacinado com duas doses, com vacina de dose única e dose de reforço;Meu pai perdeu o emprego, então tudo ficou mais difícil financeiramente ;Aumentaram;Diminuiu;Não;Aumentaram;Relacionadas com saúde, Alimentação;A renda diminuiu e o valor das coisas aumentou ;De forma oportuna e prudente;Manteve aulas, então as coisas não atrasaram tanto.;Melhorado o meio de comunicação com os alunos. Os professores estavam impossíveis de fazer contato.;Melhorasse a comunicação com seus alunos.;Muito pior do que antes;Muito pior do que antes;Muito pior do que antes;Foi muito ruim. Tive dificuldade enorme de terminar minha graduação. Apenas não tranquei porque precisava me formar o quanto antes para começar a ganhar dinheiro e aliviar o lado dos meus pais.;;
18/04/2022;19;Feminino;Solteiro(a);Bolsista;SP;UNESP Bauru;Engenharia de Produção ;Graduação;15/02/2020;Pública;Outra cidade;Sim;Não sei;;16/03/2020;Em outra cidade da instituição de ensino mas dentro do mesmo estado;Não;Família;Sim;Sim;Não se aplica / Não sabe / Não se lembra;Pior do que antes;Pior que antes;O mesmo de antes;Pior do que antes;Melhor do que antes;;Pioraram;Piorou;Pioraram;Piorou;Diminuiu;Aumentou;Em parte (apenas algumas atividades  presenciais retornaram);25/04/2022;Sim vacinado com duas doses, com vacina de dose única e dose de reforço;;Aumentaram;Diminuiu;Sim;Estão mais ou menos as mesmas;Relacionadas com saúde, Viagens/deslocamentos, Transporte urbano, Aluguel, Internet, Alimentação;;De forma oportuna e prudente;Agiu corretamente quando suspendeu as atividades presencias nos campus, além de adiar a data de seu vestibular durante um momento crítico da pandemia;Gostaria que a instituição contasse com um método mais eficiente para dar informações aos alunos;Não sei.;Pior do que antes;Melhor do que antes;O mesmo de antes;;;
18/04/2022;17;Masculino;Solteiro(a);Dependente (dos pais, etc.);SP;UNESP Bauru;Engenharia Mecânica;Graduação;25/04/2022;Pública;Outra cidade;Sim;Não sei;;;Fora do campus, mas na mesma cidade da instituição de ensino;Sim;Sozinho(a);Não;Sim;Não se aplica / Não sabe / Não se lembra;O mesmo de antes;O mesmo que antes;;Pior do que antes;O mesmo de antes;;Pioraram;Piorou;Pioraram;Era mais ou menos o mesmo;Ficou mais ou menos a mesma;Diminuiu;Sim (retornou todas as atividades presenciais);25/04/2022;Sim vacinado com duas doses ou com vacina de dose única;;Foram mais ou menos os mesmos;Está mais ou menos a mesma;Não;Estão mais ou menos as mesmas;Transporte urbano, Alimentação;;De forma oportuna e prudente;;;;O mesmo de antes;O mesmo de antes;O mesmo de antes;;;
18/04/2022;22;Masculino;Solteiro(a);Bolsista;SP;UNESP Bauru;Engenharia Civil;Graduação;04/04/2018;Pública;Outra cidade;Sim;Não sei;;13/03/2020;Em outra cidade da instituição de ensino mas dentro do mesmo estado;Sim;Família;Não;Sim;Dificuldades para viajar/se deslocar;O mesmo de antes;Pior que antes;Pior do que antes;Pior do que antes;Muito pior do que antes;;Pioraram;Piorou;Pioraram;Era mais ou menos o mesmo;Diminuiu;Foi mais ou menos o mesmo;Não, ainda não retornou nenhuma atividade presencial;;Sim vacinado com duas doses, com vacina de dose única e dose de reforço;;Diminuiram;Está mais ou menos a mesma;Não;Estão mais ou menos as mesmas;Viagens/deslocamentos, Transporte urbano, Internet, Alimentação, Outras (não relacionadas);;De forma oportuna e prudente;;;;Pior do que antes;Melhor do que antes;O mesmo de antes;;;
18/04/2022;21;Masculino;Solteiro(a);Dependente (dos pais, etc.);SP;UNESP Bauru;Engenharia Mecânica;Graduação;26/02/2019;Pública;Outra cidade;Sim;Não sei;;;Fora do campus, mas na mesma cidade da instituição de ensino;Sim;Colega de quarto/República;Não;Sim;Dificuldades devido a alterações em suas condições de vida, incluindo o fechamento de alojamentos, perda de emprego, etc.;Pior do que antes;O mesmo que antes;Pior do que antes;O mesmo de antes;Pior do que antes;;Pioraram;Piorou;Pioraram;Era mais ou menos o mesmo;Diminuiu;Foi mais ou menos o mesmo;Sim (retornou todas as atividades presenciais);25/04/2022;Sim vacinado com duas doses, com vacina de dose única e dose de reforço;;Foram mais ou menos os mesmos;Está mais ou menos a mesma;Não;Estão mais ou menos as mesmas;Viagens/deslocamentos, Transporte urbano, Aluguel, Alimentação;;Muito lentamente;;;;O mesmo de antes;O mesmo de antes;O mesmo de antes;;;
18/04/2022;23;Feminino;Solteiro(a);Estagiário(a);SP;UNESP Bauru;Engenharia Civil;Graduação;01/04/2017;Pública;Outra cidade;Sim;Não sei;;16/03/2019;Fora do campus, mas na mesma cidade da instituição de ensino;Não;Colega de quarto/República;Não;Sim;Dificuldades para viajar/se deslocar;O mesmo de antes;O mesmo que antes;O mesmo de antes;Pior do que antes;Pior do que antes;;Pioraram;Foi mais ou menos o mesmo;Pioraram;Piorou;Diminuiu;Foi mais ou menos o mesmo;Em parte (apenas algumas atividades  presenciais retornaram);;Sim vacinado com duas doses, com vacina de dose única e dose de reforço;;Diminuiram;Diminuiu;Não;Estão mais ou menos as mesmas;Viagens/deslocamentos, Transporte urbano, Aluguel, Alimentação;;De forma oportuna e prudente;;;;Pior do que antes;Muito pior do que antes;Muito pior do que antes;;;
18/04/2022;22;Masculino;Solteiro(a);Desempregado(a);SP;UNESP Bauru;Engenharia Elétrica;Graduação;11/03/2019;Pública;Outra cidade;Sim;Não sei;;;Fora do campus, mas na mesma cidade da instituição de ensino;Sim;Sozinho(a);Não;Sim;Dificuldades para viajar/se deslocar;Melhor do que antes;O mesmo que antes;Pior do que antes;O mesmo de antes;O mesmo de antes;;Foram mais ou menos o mesmo;Melhorou;Ficou mais ou menos o mesmo;Era mais ou menos o mesmo;Diminuiu;Diminuiu;Sim (retornou todas as atividades presenciais);25/04/2022;Sim vacinado com duas doses, com vacina de dose única e dose de reforço;;Foram mais ou menos os mesmos;Está mais ou menos a mesma;Não;Estão mais ou menos as mesmas;Relacionadas com saúde, Transporte urbano, Aluguel;;Muito lentamente;Reconheço que minha instituição decidiu esperar o retorno de maneira ativa e oportuna.;Gostaria que minha instituição tivesse estruturado de uma maneira mais regularizada a maneira de aplicar as aulas e atividades, recebendo feedback dos alunos quanto ao desempenho e disposição mental de cada aluno.;Além do que foi feito, ajudaria muito se minha instituição abrisse mais canais pelo corpo docente para acolher de maneira mais empática os alunos com desempenho e vidas financeira afetadas.;O mesmo de antes;Pior do que antes;O mesmo de antes;;;
19/04/2022;20;Feminino;Solteiro(a);Dependente (dos pais, etc.);SP;UNESP Bauru;Engenharia Civil;Graduação;01/07/2021;Pública;Outra cidade;Sim;Não sei;;;Fora do campus, mas na mesma cidade da instituição de ensino;Sim;Sozinho(a);Não;Sim;Dificuldades devido a alterações em suas condições de vida, incluindo o fechamento de alojamentos, perda de emprego, etc.;O mesmo de antes;Melhor do que antes;Muito pior do que antes;Pior do que antes;Muito pior do que antes;A qualidade de vida financeira se manteve estável porém a pandemia afetou diretamente o bem estar psicológico e o convívio social de maneira direta de meus familiares.;Pioraram;Piorou;Ficou mais ou menos o mesmo;N/A ou Não sabe;Diminuiu;Diminuiu;Em parte (apenas algumas atividades  presenciais retornaram);;Sim vacinado com duas doses, com vacina de dose única e dose de reforço;;Aumentaram;Está mais ou menos a mesma;Não;Estão mais ou menos as mesmas;Relacionadas com saúde, Viagens/deslocamentos, Transporte urbano, Internet, Alimentação;A renda permaneceu a mesma porém os custos mensais aumentaram devido a situação atual do país, porém continuo sem dificuldades financeiras.;De forma oportuna e prudente;aulas remotas e projetos remotos quando foi cabível para proteger a saúde de todes.;um ambiente mais acolhedor durante o período;cobrar de seus docentes aulas melhores e obrigatoriamente ao vivo;Pior do que antes;Pior do que antes;O mesmo de antes;;;
19/04/2022;20;Masculino;Solteiro(a);Dependente (dos pais, etc.);SP;UNESP Bauru;Engenharia Elétrica ;Graduação;17/02/2020;Pública;Outra cidade;Sim;Não sei;Minha instituição procurou atender a grande parte dos alunos mantendo auxílios para os que necessitam e provendo acesso à Internet e equipamentos para os que não possuíam ;;Em outra cidade da instituição de ensino mas dentro do mesmo estado;Sim;Família;Não;Sim;Dificuldades para viajar/se deslocar;O mesmo de antes;O mesmo que antes;Pior do que antes;Muito pior do que antes;Pior do que antes;Após o encerramento das aulas presenciais devido à pandemia, voltei para minha cidade Natal, onde vivo com minha família até que as aulas retornem, isso ajudou muito no fator psicológico ;Pioraram;Piorou;Melhorou;Era mais ou menos o mesmo;Diminuiu;Diminuiu;Não, ainda não retornou nenhuma atividade presencial;;Sim vacinado com duas doses, com vacina de dose única e dose de reforço;;Diminuiram;Diminuiu;Sim;Estão mais ou menos as mesmas;Viagens/deslocamentos, Transporte urbano, Aluguel, Internet, Alimentação, Outras (não relacionadas);;De forma oportuna e prudente;Reconheço que minh instituição se esforçou muito para que os alunos pudessem manter o desempenho de forma remota, oferecendo muitos benefícios. Também ofereceu ambientes que puderam ser utilizados intuitivamente pelos docentes e facilitaram o entendimento dos discentes.;;Tivesse mantido algumas matérias de forma híbrida, pois o entendimento de matérias práticas foi um pouco prejudicado;O mesmo de antes;O mesmo de antes;O mesmo de antes;;;
12/07/2022;28;Feminino;Solteiro(a);Bolsista;SP;UNESP Bauru;Biologia;Graduação;08/02/2018;Pública;Outra cidade;Sim;Não sei;;01/04/2020;Fora do campus, mas na mesma cidade da instituição de ensino;Sim;Sozinho(a);Não;Sim;Dificuldades devido a alterações em suas condições de vida, incluindo o fechamento de alojamentos, perda de emprego, etc.;Melhor do que antes;O mesmo que antes;Pior do que antes;Muito pior do que antes;Muito pior do que antes;;Foram mais ou menos o mesmo;Piorou;Melhorou;Piorou;Diminuiu;Diminuiu;Sim (retornou todas as atividades presenciais);11/04/2022;Sim vacinado com duas doses, com vacina de dose única e dose de reforço;;Aumentaram;Diminuiu;Sim;Aumentaram;Viagens/deslocamentos, Transporte urbano, Aluguel, Internet, Alimentação, Outras (não relacionadas);;De forma oportuna e prudente;;empatia dos professores e dos funcionarios, gostaria que minha instituicão tivesse oferecido apoio psicológico para os professores e funcionarios;apoio psicologico para professores e funcionarios;Muito pior do que antes;Muito pior do que antes;Muito pior do que antes;;;
14/11/2022;55;Masculino;Casado(a);Empregado(a);AM;UNESP Bauru;Pós-Graduação em Desing;Doutorado;07/03/2022;Pública;Outra cidade;Sim;Sim;;;Fora do campus, mas na mesma cidade da instituição de ensino;Sim;Sozinho(a);Não;Não;Não se aplica / Não sabe / Não se lembra;Pior do que antes;O mesmo que antes;N/A ou Não Sabe;O mesmo de antes;O mesmo de antes;;Foram mais ou menos o mesmo;Piorou;Ficou mais ou menos o mesmo;Era mais ou menos o mesmo;Ficou mais ou menos a mesma;Foi mais ou menos o mesmo;Sim (retornou todas as atividades presenciais);;Sim, vacinado com duas doses ou com vacina de dose única e dose(s) de reforço;;Diminuiram;Diminuiu;Não;Estão mais ou menos as mesmas;Alimentação;;De forma oportuna e prudente;Implantou o sistema remoto de aulas.;;;Melhor do que antes;Melhor do que antes;Melhor do que antes;No meu circulo familiar não houve óbitos pela COVID. Houve casos positivos porém apenas isso.;;
15/11/2022;48;Masculino;Casado(a);Empregado(a);SP;UNESP Bauru;Pós-Graduação em Mídia e Tecnologia;Mestrado;01/12/2022;Pública;Local;Sim;Sim;;;Fora do campus, mas na mesma cidade da instituição de ensino;Sim;Família;Não;Sim;Ajuda ou assistência de pessoas desconhecidas;O mesmo de antes;O mesmo que antes;O mesmo de antes;Muito pior do que antes;Pior do que antes;;Foram mais ou menos o mesmo;Foi mais ou menos o mesmo;Ficou mais ou menos o mesmo;Piorou;Aumentou;Foi mais ou menos o mesmo;Em parte (apenas algumas atividades  presenciais retornaram);;Sim vacinado com duas doses ou com vacina de dose única;;Aumentaram;Está mais ou menos a mesma;Não;Estão mais ou menos as mesmas;Transporte urbano;;De forma oportuna e prudente;;;;O mesmo de antes;O mesmo de antes;Melhor do que antes;;;
16/11/2022;26;Masculino;Solteiro(a);Empregado(a);SP;UNESP Bauru;Pós-Graduação em Mídia e Tecnologia;Mestrado;01/01/2022;Pública;Outra cidade;Sim;Não sei;Durante a pandemia eu ainda não estava no mestrado, portanto não consigo dar mais informações.;;Fora do campus, mas na mesma cidade da instituição de ensino;Sim;Sozinho(a);Não;Sim;Dificuldades para viajar/se deslocar;Pior do que antes;O mesmo que antes;O mesmo de antes;Pior do que antes;Pior do que antes;;Pioraram;N/A ou Não sabe;N/A ou Não sabe;Piorou;N/A ou Não sabe;N/A ou Não sabe;Sim (retornou todas as atividades presenciais);01/03/2022;Sim, vacinado com duas doses ou com vacina de dose única e dose(s) de reforço;As interações são bem dificeis de acontecer de uma maneira online. As reunioes de grupos para trabalho acabam ficando dificeis e é dificil manter a concentração nas aulas por conta do fator online.;Aumentaram;Está mais ou menos a mesma;Não;Estão mais ou menos as mesmas;Viagens/deslocamentos, Transporte urbano, Aluguel, Alimentação;O mercado e o valor do transporte aumentaram muito com o alto custo dos combustiveis.;Muito lentamente;Fez o correto em pausar temporariamente as aulas, mas acabou deixando a desejar numa resposta rápida e dando auxilio aos alunos.;Gostaria que eles tivessem tomado decisões mais rapidamente em relação as aulas e ja terem um suport EAD pronto para possiveis situações como essa.;Não sei;O mesmo de antes;Pior do que antes;O mesmo de antes;;;
18/11/2022;30;Feminino;União Estável/Vivendo junto;Bolsista;SP;UNESP Bauru;Pós-Graduação em Mídia e Tecnologia;Doutorado;01/03/2022;Pública;Outra cidade;Sim;Não sei;;;Em outra cidade da instituição de ensino mas dentro do mesmo estado;Sim;Família;Sim;Sim;Dificuldades devido a alterações em suas condições de vida, incluindo o fechamento de alojamentos, perda de emprego, etc.;Melhor do que antes;Muito pior que antes;O mesmo de antes;Muito pior do que antes;Muito pior do que antes;;N/A ou Não sabe;Foi mais ou menos o mesmo;Ficou mais ou menos o mesmo;Piorou;Diminuiu;Diminuiu;Sim (retornou todas as atividades presenciais);;Sim, vacinado com duas doses ou com vacina de dose única e dose(s) de reforço;;Foram mais ou menos os mesmos;Diminuiu;Sim;N/A ou Não sabe;Relacionadas com saúde, Aluguel, Internet, Alimentação;;Muito lentamente;Reconheço que minha instituição fez o necessário, porém foi a última das pública a tomar qualquer atitude. Prudente, porém sempre tardia e seguindo as demais apenas. ;Gostaria que minha instituição tivesse feito o mesmo que as demais publicas e se posicionado antes, ao invés de ficar aceitando comparações com as particulares e tendo receio ao serem forçadas a voltar por motivos financeiros, que não condizem com a instituição. ;Além do que foi feito, ajudaria muito se minha instituição disponibilizar equipamento adequado para professores/docentes para que seja feita transmissões das disciplinas, já que ainda estamos tendo casos de infecção por covid o que impossibilita o acompanhamento presencial. Não há necessidade de se tornar EAD, porém a tecnologia deve ser utilizada de forma favorável. ;Pior do que antes;O mesmo de antes;Muito pior do que antes;"Fiquei 1 ano em total isolamento, me recusei a receber quaisquer pessoas que não fossem de meu contato diário e necessário. Só permiti minha família ter contato com minha filha caso estivessem vacinados. Tivemos um parente que faleceu de covid bem no início, e se tornou um evento traumático. Apesar disso, da minha família não tivemos nenhum óbito, porém alguns já se infectaram mais de uma vez. 
Continuo utilizando máscara em locais fechados e/ou aglomerados. ";;
20/11/2022;51;Feminino;Casado(a);Servidora pública;SP;UNESP Bauru;Pós-Graduação em Mídia e Tecnologia;Doutorado;01/03/2022;Pública;Local;Sim;Não sei;;20/03/2020;Fora do campus, mas na mesma cidade da instituição de ensino;Sim;Família;Não;Sim;Dificuldades para viajar/se deslocar;Pior do que antes;Melhor do que antes;O mesmo de antes;O mesmo de antes;Pior do que antes;;Foram mais ou menos o mesmo;Foi mais ou menos o mesmo;Ficou mais ou menos o mesmo;Era mais ou menos o mesmo;Aumentou;Aumentou;Sim (retornou todas as atividades presenciais);15/03/2022;Sim, vacinado com duas doses ou com vacina de dose única e dose(s) de reforço;;Aumentaram;Está mais ou menos a mesma;Não;N/A ou Não sabe;Internet, Alimentação;;Muito lentamente;Após a adaptação ao uso das plataformas de reunião virtual, foram realizados vários webinars e eventos on-line, com pessoas de vários lugares do país, democratizando o acesso à educação.;A instituição poderia ter retomado as aulas, de forma telepresencial, num prazo mais curto, evitando a perda/atraso do semestre para os alunos.;Propiciar mais palestras sobre saúde mental dos alunos e trabalhadores.;Pior do que antes;Pior do que antes;Pior do que antes;A pandemia nos mostrou o ritmo acelerado com que levamos a vida e nos propiciou um tempo forçado de reflexão, inclusive para podermos nos dedicar e convivermos com as pessoas que mais amamos, que são nossos familiares! Apesar de todas as incertezas e malefícios trazidos pela pandemia, tive a graça de poder conviver com meus pais, que são idosos, com mais frequência, os recebendo em minha casa mais vezes, reunindo-me com eles, marido e filhos, proporcionando maior diálogo e atenção entre todos nós. Aprendi a valorizar mais a família, nossa saúde e os bons momentos que passamos juntos. ;;
20/11/2022;23;Feminino;Solteiro(a);Dependente (dos pais, etc.);SP;Faculdade de Medicina de Jundiaí;Medicina;Graduação;16/02/2019;Pública;Outra cidade;Sim;Não se aplica;Minha instituição utilizou o google classroom, aulas via zoom e google meets;16/03/2020;Fora do campus, mas na mesma cidade da instituição de ensino;Sim;Sozinho(a);Não;Não;Não se aplica / Não sabe / Não se lembra;Melhor do que antes;O mesmo que antes;Melhor do que antes;Pior do que antes;Pior do que antes;;Foram mais ou menos o mesmo;Foi mais ou menos o mesmo;Melhorou;Era mais ou menos o mesmo;Aumentou;Aumentou;Sim (retornou todas as atividades presenciais);12/10/2020;Sim, vacinado com duas doses ou com vacina de dose única e dose(s) de reforço;;Diminuiram;Diminuiu;Sim;Estão mais ou menos as mesmas;Viagens/deslocamentos, Transporte urbano, Aluguel;;Muito rapidamente;aulas via google meets/zoom, utilização de google classroom, biblioteca virtual;reposição das aulas práticas, aula de paramentação ;...;O mesmo de antes;Pior do que antes;O mesmo de antes;;;
20/11/2022;23;Feminino;União Estável/Vivendo junto;Dependente (dos pais, etc.);SP;Faculdade de Medicina de Jundiaí;Medicina;Graduação;11/03/2019;Autarquia municipal;Outra cidade;Sim;Não se aplica;;;Fora do campus, mas na mesma cidade da instituição de ensino;Sim;Sozinho(a);Não;Sim;Não se aplica / Não sabe / Não se lembra;O mesmo de antes;O mesmo que antes;Pior do que antes;Pior do que antes;Pior do que antes;Foi colocada muita pressão no retorno às aulas presenciais sem ter auxílio algum para compensar o tempo EAD.;Pioraram;Piorou;Ficou mais ou menos o mesmo;Piorou;Diminuiu;Diminuiu;Sim (retornou todas as atividades presenciais);;Sim, vacinado com duas doses ou com vacina de dose única e dose(s) de reforço;;Foram mais ou menos os mesmos;Está mais ou menos a mesma;Não;Estão mais ou menos as mesmas;Aluguel, Outras (não relacionadas);;De forma oportuna e prudente;;;;O mesmo de antes;Pior do que antes;Pior do que antes;;;
21/11/2022;34;Feminino;Casado(a);Bolsista;SP;UNESP Bauru;Pós-Graduação em Mídia e Tecnologia;Doutorado;01/08/2021;Pública;Local;Sim;Não sei;Uso de máscaras dentro e fora das salas de aula. Eu não estudei na unesp durante o período da pandemia, mas sei que as aulas e reuniões foram transferidas do presencial para o modo remoto.;;Fora do campus, mas na mesma cidade da instituição de ensino;Sim;Família;Não;Sim;Não se aplica / Não sabe / Não se lembra;O mesmo de antes;Pior que antes;Pior do que antes;O mesmo de antes;Muito melhor do que antes;"Acabei engravidando durante a pandemia, e administrar o lar com um segundo filho me ""forçou"" a dar o melhor de mim em todos os aspectos da vida. Portanto, considero que minha vida foi para melhor pelo fato de ter buscado a cada dia uma maneira melhor de ser e lidar com o dia a dia e suas adversidades/rotinas.";Foram mais ou menos o mesmo;Melhorou;Melhorou;Era mais ou menos o mesmo;Ficou mais ou menos a mesma;Aumentou;Sim (retornou todas as atividades presenciais);01/02/2022;Sim, vacinado com duas doses ou com vacina de dose única e dose(s) de reforço;Administrar os deveres do lar (casa, filhos, limpeza, refeições) com assistir às aulas on-line, ao mesmo tempo, como filhos solicitando atenção ao mesmo tempo em que se assistia a uma aula online etc.;Foram mais ou menos os mesmos;Está mais ou menos a mesma;Não;Estão mais ou menos as mesmas;Aluguel, Internet;A pandemia ampliou as oportunidades remotas na minha área, mas complicou no que tange às aulas de meu marido, a quem possui uma escola de negócios física, com aulas presenciais.;Muito rapidamente;Suspender as aulas presenciais e transferir para o modo remoto.;O modo remoto pode, atualmente, ser dado em apenas 20%, o que poderia, na realidade, ficar livre para cada professor alterar essa porcentagem no que achar necessário para a administração de sua disciplina.;Além do que foi feito, ajudaria muito se minha instituição mantivesse aulas magnas de modo on-line (remoto) e presencial para quem quiser ir pessoalmente a contar pontos para os créditos complementares.;Muito melhor do que antes;Muito melhor do que antes;Muito melhor do que antes;As limitações impostas pelo covid-19 nos forçaram a buscar alternativas saudáveis dentro do possível para buscar sustentabilidade e sobrevivência, o que geraram muitas frustrações por nos tirar da zona de conforto e, ao mesmo tempo, nos fizeram redescobrir e reinventar maneiras de viver e aproveitar o tempo.;;
21/11/2022;41;Feminino;Casado(a);Empresária;SP;UFSCar - Universidade Federal de São Carlos;Pós-Graduação em Biblioteconomia e Ciência da Informação;Mestrado;28/03/2022;Pública;Outra cidade;Sim;Sim;;;Em outra cidade da instituição de ensino mas dentro do mesmo estado;Sim;Família;Não;Sim;Não se aplica / Não sabe / Não se lembra;O mesmo de antes;O mesmo que antes;Melhor do que antes;Melhor do que antes;Pior do que antes;durante a pandemia desenvolvi um nível elevado de ansiedade, engordei 10 kilos e perdi a vontade de trabalhar, limpar a casa ou sair;Pioraram;Piorou;Pioraram;Era mais ou menos o mesmo;Diminuiu;Foi mais ou menos o mesmo;Sim (retornou todas as atividades presenciais);01/07/2022;Sim vacinado com duas doses ou com vacina de dose única;durante a pandemia não havia intereção e não dava vontade de fazer os trabalhos, mas fiz todos ;Foram mais ou menos os mesmos;Está mais ou menos a mesma;Não;Estão mais ou menos as mesmas;Internet, Alimentação;;De forma oportuna e prudente;diponibilizou todas as aulas online;não tenho;;Muito pior do que antes;Muito pior do que antes;Muito pior do que antes;;;
21/11/2022;41;Masculino;União Estável/Vivendo junto;Empregado(a);SP;UNESP Bauru;Pós-Graduação em Mídia e Tecnologia;Mestrado;07/03/2022;Pública;Local;Sim;Não se aplica;;;Fora do campus, mas na mesma cidade da instituição de ensino;Não;Família;Não;Não;Não se aplica / Não sabe / Não se lembra;N/A ou Não sabe;N/A ou Não sabe;N/A ou Não Sabe;O mesmo de antes;N/A ou Não Sabe;;N/A ou Não sabe;N/A ou Não sabe;Ficou mais ou menos o mesmo;N/A ou Não sabe;Diminuiu;N/A ou Não sabe;Sim (retornou todas as atividades presenciais);;Sim, vacinado com duas doses ou com vacina de dose única e dose(s) de reforço;;Foram mais ou menos os mesmos;Diminuiu;Não;Aumentaram;Viagens/deslocamentos, Aluguel, Outras (não relacionadas);;De forma oportuna e prudente;;;;N/A ou Não Sabe;O mesmo de antes;O mesmo de antes;;;
21/11/2022;54;Feminino;Divorciado(a)/Separado(a);Empregado(a);SP;UFSCar - Universidade Federal de São Carlos;Pós-Graduação em Biblioteconomia e Ciência da Informação;Mestrado;01/03/2022;Pública;Local;Sim;Sim;A Universidade Disponibilizou notebooks para os alunos em vulnerabilidade, para que pudessem continuar seus estudos.;;Fora do campus, mas na mesma cidade da instituição de ensino;Sim;Sozinho(a);Não;Sim;Não se aplica / Não sabe / Não se lembra;Pior do que antes;Melhor do que antes;Melhor do que antes;Melhor do que antes;Muito melhor do que antes;Em minha experiência pessoal, o isolamento provocado pela pandemia proporcionou maior autoconhecimento.;N/A ou Não sabe;N/A ou Não sabe;N/A ou Não sabe;N/A ou Não sabe;Aumentou;Aumentou;Sim (retornou todas as atividades presenciais);;Sim, vacinado com duas doses ou com vacina de dose única e dose(s) de reforço;Eu não estava estudando na época da pandemia (2020-2021), aproveitei esse período para escrever projeto e me preparar para ingressar no mestrado em 2022.;Foram mais ou menos os mesmos;Aumentou;Não;Estão mais ou menos as mesmas;Viagens/deslocamentos, Alimentação;;Muito lentamente;Não estava em aula à época;Não estava em aula à época;Não tenho informações a respeito;Melhor do que antes;Melhor do que antes;O mesmo de antes;Sou funcionária pública em uma cidade de porte médio, não tive grandes problemas para cumprir o isolamento exigido pela pandemia.;;
21/11/2022;18;Masculino;Solteiro(a);Empregado(a);SP;Fatec Catanduva;Gestão da Tecnologia da Informação ;Graduação;07/02/2022;Pública;Outra cidade;Sim;Não se aplica;;;Em outra cidade da instituição de ensino mas dentro do mesmo estado;Sim;Família;Não;Sim;Dificuldades para viajar/se deslocar;Pior do que antes;O mesmo que antes;O mesmo de antes;O mesmo de antes;Pior do que antes;;Foram mais ou menos o mesmo;Melhorou;Pioraram;Era mais ou menos o mesmo;Ficou mais ou menos a mesma;Aumentou;Sim (retornou todas as atividades presenciais);20/07/2022;Sim vacinado com duas doses ou com vacina de dose única;;Diminuiram;Está mais ou menos a mesma;Sim;Estão mais ou menos as mesmas;Internet;;De forma oportuna e prudente;Reconheço que minha instituição aguardou até o momento mais seguro para o retorno presencial.;;;Pior do que antes;Pior do que antes;Pior do que antes;Foi uma época difícil para todos nós, principalmente pelas perdas e adaptações. Na área estudantil, ela acabou por me aproximar mais dos professores.;;
21/11/2022;20;Masculino;Solteiro(a);Estagiário(a);SP;"IMESB - Instituto Municipal de Ensino Superior de Bebedouro ""Victório Cardassi""";Bacharel em Direito;Graduação;01/01/2020;Pública;Outra cidade;Sim;Não sei;;15/04/2020;Em outra cidade da instituição de ensino mas dentro do mesmo estado;Não;Família;Sim;Sim;Dificuldades devido a alterações em suas condições de vida, incluindo o fechamento de alojamentos, perda de emprego, etc.;Pior do que antes;O mesmo que antes;Pior do que antes;Muito pior do que antes;Pior do que antes;;Foram mais ou menos o mesmo;Piorou;Melhorou;Era mais ou menos o mesmo;Diminuiu;Foi mais ou menos o mesmo;Sim (retornou todas as atividades presenciais);15/02/2022;Sim, vacinado com duas doses ou com vacina de dose única e dose(s) de reforço;;Diminuiram;Está mais ou menos a mesma;Não;Aumentaram;Viagens/deslocamentos, Alimentação, Outras (não relacionadas);;De forma oportuna e prudente;Reconheço que minha instituição seguiu todas as orientações prestadas pelo Ministério da Saúde e pelo MEC, para então podermos ter aula a distância, já que o Direito não ;Roda de conversa e curso de inglês.;;Pior do que antes;Pior do que antes;Muito pior do que antes;;;
21/11/2022;43;Masculino;Solteiro(a);Empregado(a);SP;Unopar ;Educação Especial e Inclusiva;Especialização/MBA;05/07/2022;Privada;Local;Sim;Não sei;;;Fora do campus, mas na mesma cidade da instituição de ensino;Sim;Sozinho(a);Sim;Sim;Dificuldades para viajar/se deslocar;O mesmo de antes;O mesmo que antes;O mesmo de antes;Pior do que antes;O mesmo de antes;;Foram mais ou menos o mesmo;Piorou;Ficou mais ou menos o mesmo;Era mais ou menos o mesmo;Aumentou;Foi mais ou menos o mesmo;Sim (retornou todas as atividades presenciais);;Sim, vacinado com duas doses ou com vacina de dose única e dose(s) de reforço;;Foram mais ou menos os mesmos;Diminuiu;Sim;Estão mais ou menos as mesmas;Outras (não relacionadas);;De forma oportuna e prudente;;;;O mesmo de antes;Pior do que antes;O mesmo de antes;;;
21/11/2022;19;Feminino;Solteiro(a);Empregado(a);SP;Uniara;Arquitetura e Urbanismo ;Graduação;01/03/2021;Privada;Outra cidade;Sim;Não se aplica;;;Em outra cidade da instituição de ensino mas dentro do mesmo estado;Sim;Família;Não;Não;Ajuda ou assistência de pessoas desconhecidas;O mesmo de antes;O mesmo que antes;O mesmo de antes;Pior do que antes;Pior do que antes;;Foram mais ou menos o mesmo;Piorou;Ficou mais ou menos o mesmo;N/A ou Não sabe;Diminuiu;Foi mais ou menos o mesmo;Sim (retornou todas as atividades presenciais);;Sim, vacinado com duas doses ou com vacina de dose única e dose(s) de reforço;;Foram mais ou menos os mesmos;N/A ou Não quero responder;Não;N/A ou Não sabe;Alimentação;;De forma oportuna e prudente;;;;Pior do que antes;Pior do que antes;Pior do que antes;;;
21/11/2022;29;Masculino;Solteiro(a);Empregado(a);SP;UNESP Bauru;Pós-Graduação em Mídia e Tecnologia;Mestrado;;Pública;Outra cidade;Sim;Não;Infelizmente, a instituição determinou que cada campus tivesse seu comitê de saúde apra tratar a respeito da pandemia. NO meu caso, o campus de Bauru adotou medidas corretas e liberou as aulas para pós-graduação de forma presencial apenas quando a taxa de contaminação estivesse baixa o suficiente a ponto de ser seguro a convivência pessoal dentro do campus. ;;Fora do campus, mas na mesma cidade da instituição de ensino;Não;Sozinho(a);Não;Não;Não se aplica / Não sabe / Não se lembra;O mesmo de antes;O mesmo que antes;O mesmo de antes;O mesmo de antes;O mesmo de antes;Durante a pandemia passei a adotar hábitos mais saudáveis, seja em relação a alimentação, cuidado com os alimentos e até mesmo a higiene pessoal. Hábitos que continuo levando para a vida mesmo com a taxa de contaminação baixa.;Foram mais ou menos o mesmo;Piorou;Pioraram;Era mais ou menos o mesmo;Diminuiu;Diminuiu;Sim (retornou todas as atividades presenciais);;Sim, vacinado com duas doses ou com vacina de dose única e dose(s) de reforço;Durante o período da pandemia meu aproveitamento nos estudos diminuiu pois não não gosto de estudar a distância. Minha casa sempre foi um ponto de distração e minha dificuldade em me concentrar aumentou. ;Foram mais ou menos os mesmos;Diminuiu;Não;Diminuiram;Outras (não relacionadas);;Muito rapidamente;;;;N/A ou Não Sabe;O mesmo de antes;O mesmo de antes;Consegui realizar uma quarentena disciplinada durante 8 meses durante o ano de 2020, após esse período senti que meu psicológico começou a dar sinais de que estava sendo afetado. Minha ansiedade voltou (de forma pequena, mas voltou) e percebi que o estresse também. Comecei a fazer caminhadas ao ar livre para ter mais contato com a natureza e melhorar meus sintomas físicos, o que me ajudou bastante. Contrai covid em junho deste ano, após 3 doses da vacina. Tive sintomas típicos de rinite alérgica, destacando a intensidade da coriza e, posteriormente, congestão nasal. Ambos os sintomas foram bem piores do que uma crise alérgica comum e, após o tratamento, fiquei com algumas sequeleas de curto prazo como perda de memória recente e dores de garganta.;;
23/11/2022;60;Feminino;Casado(a);Bolsista;SP;SEBRAE;BEI - Bolsista de estimulo à Inovação em Moda;Doutorado;01/02/2022;Pública;Outra cidade;Sim;Não se aplica;O atendimento do bolsista em Campo era presencial e passou a ser remoto ou hibrido;20/03/2022;Em outra cidade da instituição de ensino mas dentro do mesmo estado;Sim;Família;Sim;Sim;Discriminação por pessoas desconhecidas;O mesmo de antes;Melhor do que antes;O mesmo de antes;O mesmo de antes;O mesmo de antes;em alguma medida evito vida social e compromissos em excesso;Foram mais ou menos o mesmo;Piorou;Melhorou;Era mais ou menos o mesmo;Aumentou;Aumentou;Sim (retornou todas as atividades presenciais);07/03/2022;Sim, vacinado com duas doses ou com vacina de dose única e dose(s) de reforço;Faço curso de extensão na minha área e Oriento bolsistas e alunos de firma remota;Diminuiram;Diminuiu;Não;Diminuiram;Alimentação;marido foi desligado do emprego;De forma oportuna e prudente;A instituição se adaptou ao que foi necessário;Criado videos instrutivos para o uso das plataformas remotas p as aula e aprimorar a qualidade da interação ;Mais ferramentas eficazes de interação remota;Pior do que antes;O mesmo de antes;Pior do que antes;;;
30/11/2022;46;Feminino;Casado(a);Empregado(a);SP;UNESP Bauru;Pós-Graduação em Mídia e Tecnologia;Doutorado;07/03/2022;Pública;Local;Sim;Não sei;O Comitê Unesp Covid-19 realizou o acompanhamento permanente da evolução da Covid-19 na Universidade e ajudou a traçar diretrizes para a reorganização das atividades, de acordo com os protocolos sanitários, normativas por áreas, além de trazer os comunicados atualizados da situação desde o seu início.;;Fora do campus, mas na mesma cidade da instituição de ensino;Sim;Família;Não;Sim;Não se aplica / Não sabe / Não se lembra;Pior do que antes;O mesmo que antes;O mesmo de antes;Pior do que antes;O mesmo de antes;Eu senti uma piora em relação aos cuidados com saúde e à prática de exercícios físicos, restrição para viagens ou visitar os pais idosos  e um adiamento de ida aos médicos e dentistas. ;Foram mais ou menos o mesmo;Foi mais ou menos o mesmo;Pioraram;Era mais ou menos o mesmo;Aumentou;Aumentou;Sim (retornou todas as atividades presenciais);;Sim, vacinado com duas doses ou com vacina de dose única e dose(s) de reforço;Não tive dificuldades acadêmicas em virtude da pandemia de COVID-19. A utilização das tecnologias e mídias de comunicação possibilitaram o meu acesso às informações, o que proporcionou o desenvolvimento de autonomia para a pesquisa e conhecimento, podendo acessar bibliotecas online, sites, laboratórios de tecnologia, etc. As dúvidas e demais dificuldades foram  solucionadas na interação virtual com os colegas e professores.;Aumentaram;Está mais ou menos a mesma;Não;Diminuiram;Relacionadas com saúde, Alimentação, Outras (não relacionadas);"O governo retirou muitos direitos trabalhistas do funcionalismo público estadual, reduziu pela metade as gratificações de trabalho noturno, congelou os direitos relacionados ao tempo de serviço como quinquênios; inclusive, confiscou mensalmente previdência de aposentados. Já o chefe de família, com trabalho liberal/autônomo é o que mais teve dificuldades, devido às oscilações do mercado desde a pandemia, e isso refletiu de alguma forma atualmente, pois trouxe insegurança financeira, o que exige um maior esforço para fazer reserva de emergência.";De forma oportuna e prudente;Reconheço que minha instituição cumpriu o seu papel relacionado à oferta de educação utilizando ferramentas online e meios eletrônicos de comunicação, antecipando a transformação digital na educação, acompanhando a evolução da digitalização do serviços na sociedade. ;De acordo com um estudo do Instituto de Física da Universidade de São Paulo (USP) publicado no periódico Aerosol Science and Technology, o qual testou a eficiência de 227 modelos de máscaras encontrados em farmácias no Brasil, comprovou-se que as máscaras PFF2 chegam a filtrar 98% de partículas que podem conter o coronavírus, sendo considerada a mais importante barreira física de proteção. Sendo assim, gostaria que a minha instituição tivesse feito um protocolo específico sobre a Máscara PFF2, em um esforço para popularizar o uso dessa máscara e para ensinar o público a reutiliza-la com segurança, sem a necessidade de descarte imediato. O comitê Unesp fez protocolo de biossegurança para o reuso de protetores faciais Face Shield, mas não o fez para uso de respiradores PFF2, que é a medida mais simples para evitar a propagação do vírus. ;pudesse conscientizar a comunidade, quanto à escolha do tipo de máscara,  principalmente durante o pico da pandemia, o que reduziria, possivelmente o número dos contágios.;Pior do que antes;Pior do que antes;Pior do que antes;Eu e minha família passamos pela experiência com a COVID-19, três pessoas apenas tiveram contato com o coronavírus, no entanto, com sintomas leves.;;
04/12/2022;51;Masculino;Solteiro(a);Empregado(a);SP;UNESP Bauru;Pós-Graduação em Mídia e Tecnologia;Doutorado;08/08/2022;Privada;Local;Sim;Não;Não estudei durante a pandemia, o que poderá comprometer a fidelidade de algumas respostas.;;Fora do campus, mas na mesma cidade da instituição de ensino;Sim;Família;Sim;Não;Não se aplica / Não sabe / Não se lembra;O mesmo de antes;O mesmo que antes;O mesmo de antes;Pior do que antes;O mesmo de antes;A qualidade de vida não se alterou durante a pandemia;N/A ou Não sabe;N/A ou Não sabe;N/A ou Não sabe;N/A ou Não sabe;Ficou mais ou menos a mesma;Foi mais ou menos o mesmo;Sim (retornou todas as atividades presenciais);;Sim, vacinado com duas doses ou com vacina de dose única e dose(s) de reforço;Não houve alteração na minha vida acadêmica.;Foram mais ou menos os mesmos;Diminuiu;Não;Estão mais ou menos as mesmas;Outras (não relacionadas);Não houve alteração financeira significativa.;De forma oportuna e prudente;Fechou o câmpus, mas manteve as aulas ministradas remotamente.;;;O mesmo de antes;O mesmo de antes;O mesmo de antes;;;
05/12/2022;35;Masculino;Casado(a);Empregado(a);SP;UNESP Bauru;Pós-Graduação em Mídia e Tecnologia;Doutorado;01/03/2022;Pública;Local;Sim;Não sei;No começo foi confuso, mas depois tudo se organizou;;Fora do campus, mas na mesma cidade da instituição de ensino;Sim;Família;Sim;Sim;Dificuldades para viajar/se deslocar;O mesmo de antes;O mesmo que antes;O mesmo de antes;O mesmo de antes;Muito pior do que antes;parcialmente melhor por poder trabalhar de hoomeoffice e negativo do ponto de vista de aumento de stress e falta de equilíbrio ;Foram mais ou menos o mesmo;Foi mais ou menos o mesmo;Ficou mais ou menos o mesmo;Era mais ou menos o mesmo;Ficou mais ou menos a mesma;Foi mais ou menos o mesmo;Sim (retornou todas as atividades presenciais);;Sim vacinado com duas doses ou com vacina de dose única;sem dificuldades;Foram mais ou menos os mesmos;Aumentou;Não;Estão mais ou menos as mesmas;Viagens/deslocamentos, Alimentação;Sem comentários;De forma oportuna e prudente;Levar a serio a pandemia e tomar todas as medidas sanitárias. ;A priori não enxerguei nenhuma;A priori não enxerguei nenhuma;Pior do que antes;Pior do que antes;Pior do que antes;;;
06/12/2022;54;Homem gay;Divorciado(a)/Separado(a);Micro-empresário instituído por ME;SP;UNESP Bauru;Pós-Graduação em Mídia e Tecnologia;Doutorado;01/08/2022;Pública;Local;Sim;Não sei;Acredito que o maior prejuízo foi a falta de acesso à biblioteca do campus, que dificultou o acesso à bibliografia ao longo da pesquisa.;;Fora do campus, mas na mesma cidade da instituição de ensino;Sim;Sozinho(a);Não;Não;Não se aplica / Não sabe / Não se lembra;O mesmo de antes;Melhor do que antes;Pior do que antes;Muito pior do que antes;O mesmo de antes;A maior dificuldade foi a impossibilidade de contato presencial com familiares e amigos em função do isolamento social.;Pioraram;Foi mais ou menos o mesmo;Pioraram;Era mais ou menos o mesmo;Ficou mais ou menos a mesma;Foi mais ou menos o mesmo;Sim (retornou todas as atividades presenciais);;Sim, vacinado com duas doses ou com vacina de dose única e dose(s) de reforço;Dificuldade de acesso à bibliotecas.;Foram mais ou menos os mesmos;Diminuiu;Não;Estão mais ou menos as mesmas;Transporte urbano;;De forma oportuna e prudente;;Gostaria que minha instituição tivesse provido alguma forma de acesso à biblioteca.;;O mesmo de antes;O mesmo de antes;O mesmo de antes;;;
12/12/2022;43;Masculino;Solteiro(a);Corretor de Imóveis;SP;ETEC Rodrigues de Abreu;Técnico em Administração;Ensino Técnico;03/08/2020;Privada;Local;Não;Não;Só tive aulas virtuais na ETEC Rodrigues de Abreu no curso de Técnico em Administração e isso em plena pandemia antes fiz um Sistema Biomédicos presencial, mas tranquei a matrícula antes da Pandemia;;Fora do campus, mas na mesma cidade da instituição de ensino;Sim;Família;Sim;Não;Não se aplica / Não sabe / Não se lembra;Muito pior do que antes;Muito pior que antes;Pior do que antes;O mesmo de antes;Melhor do que antes;Bom, eu sou corretor de Imóveis e não consegui na minha carreira, me prejudicou bastante;Pioraram;Piorou;Pioraram;Piorou;Diminuiu;Diminuiu;N/A ou Não sabe;;Sim, vacinado com duas doses ou com vacina de dose única e dose(s) de reforço;Tive que trancar a matrícula porque estava puxado e do modo remoto não estava dando certo e por divergências com a turma;Foram mais ou menos os mesmos;Diminuiu;Não;Estão mais ou menos as mesmas;"Transporte urbano;Internet;Alimentação";Como minha carreira de corretor de Imóveis não decolou não tenho tido muito dinheiro 💰 isso é o que me dá mais raiva;Muito rapidamente;Fez nada e quase nada;Era esse modo remoto e os prazos apertados para entregar os trabalhos;Era ser presencial as aulas e não remoto;Muito melhor do que antes;Muito melhor do que antes;Muito melhor do que antes;Ok;;
13/12/2022;25;Feminino;Solteiro(a);Bolsista;SP;UNESP Bauru;Pós-Graduação em Quimica Tecnologica;Mestrado;07/03/2022;Pública;Local;Sim;Não sei;;14/03/2020;Fora do campus, mas na mesma cidade da instituição de ensino;Sim;Família;Não;Sim;Não se aplica / Não sabe / Não se lembra;O mesmo de antes;Pior que antes;O mesmo de antes;Pior do que antes;O mesmo de antes;Meu projeto de pós é principalmente na área teórica, então consegui desenvolver sua maior parte de forma remota. Também contei com assistência psicológica de forma remota, o que ajudou bastante nos períodos de isolamento. Atualmente, conforme voltamos ao normal, percebi uma certa fobia por lugares com uma concentração muito grande de pessoas em locais fechados (shows/ palestras / festas grandes);Foram mais ou menos o mesmo;Piorou;Ficou mais ou menos o mesmo;Era mais ou menos o mesmo;Ficou mais ou menos a mesma;Aumentou;Sim (retornou todas as atividades presenciais);;Sim, vacinado com duas doses ou com vacina de dose única e dose(s) de reforço;Os maiores obstáculos das aulas remotas foram: dificuldade de concentração, por conta de adversidades que se tem normalmente em casa (cachorro latindo, carros passando, barulho de televisão e telefone) e quedas da Internet durante as aulas, atrapalhando o acompanhamento do conteúdo e até mesmo apresentações de seminários.;Diminuiram;Está mais ou menos a mesma;Não;Estão mais ou menos as mesmas;"Relacionadas com saúde;Viagens/deslocamentos;Internet";Durante a quarentena os gastos com transporte diminuiram bastante, já que quase não saia de casa. Porém, houveram gastos inéditos relacionados a saúde (máscaras, produtos de higiene diversos, consultas médicas, pedidos de comida em aplicativos);Muito lentamente;Reconheço que minha instituição tomou medidas de distanciamento muito importantes para o combate à pandemia, uma vez que o campus tem uma grande concentração de alunos. Muitos alunos e servidores sao de outras cidades e viajam todos os dias para o campus, o que acaba aumentando a chances de exposição ao vírus sars-cov-2.;Gostaria que minha instituição tivesse se organizado melhor em relação às aulas online, o que deu-se de forma lenta (quase dois meses após o distanciamento oficial às aulas iniciaram remotamente).;Além do que foi feito, ajudaria muito se minha instituição mantivesse uma linha constante de comunicação com os alunos sobre a situação do campus em relação a medidas preventivas da covid-19/ situação das aulas/ situação dos laboratórios. Ratualemnye estou frequentando os laboratorios e recentemente o campus voltou com o uso obrigatório de máscaras, mas só fiquei sabendo porque meus colegas avisaram. Muitos alunos não receberam e-mail informativo.;O mesmo de antes;Pior do que antes;Pior do que antes;;;